[
    {
        "file_name": "integrated_test_1_rule.py",
        "rule_type": "cyclomatic_complexity",
        "message": "Fonksiyon 'complex_function' a\u015f\u0131r\u0131 \u00e7evrimsel karma\u015f\u0131kl\u0131\u011fa sahip (12).",
        "line_number": 4
    },
    {
        "file_name": "integrated_test_1_rule.py",
        "rule_type": "function_length",
        "message": "Fonksiyon 'complex_function' \u00e7ok uzun (16 sat\u0131r).",
        "line_number": 4
    },
    {
        "file_name": "integrated_test_1_rule.py",
        "rule_type": "function_length",
        "message": "Fonksiyon 'long_function' \u00e7ok uzun (14 sat\u0131r).",
        "line_number": 32
    },
    {
        "file_name": "integrated_test_1_rule.py",
        "rule_type": "missing_docstring",
        "message": "Uyar\u0131: Fonksiyon 'complex_function' i\u00e7in dok\u00fcmantasyon (docstring) eksik.",
        "line_number": 4
    },
    {
        "file_name": "integrated_test_1_rule.py",
        "rule_type": "missing_docstring",
        "message": "Uyar\u0131: Fonksiyon 'function_without_docstring' i\u00e7in dok\u00fcmantasyon (docstring) eksik.",
        "line_number": 23
    },
    {
        "file_name": "integrated_test_1_rule.py",
        "rule_type": "missing_docstring",
        "message": "Uyar\u0131: Fonksiyon 'another_function_without_docstring' i\u00e7in dok\u00fcmantasyon (docstring) eksik.",
        "line_number": 27
    },
    {
        "file_name": "integrated_test_1_rule.py",
        "rule_type": "missing_docstring",
        "message": "Uyar\u0131: Fonksiyon 'long_function' i\u00e7in dok\u00fcmantasyon (docstring) eksik.",
        "line_number": 32
    },
    {
        "file_name": "integrated_test_1_rule.py",
        "rule_type": "missing_docstring",
        "message": "Uyar\u0131: Fonksiyon 'unused_variables_example' i\u00e7in dok\u00fcmantasyon (docstring) eksik.",
        "line_number": 49
    },
    {
        "file_name": "integrated_test_1_rule.py",
        "rule_type": "missing_docstring",
        "message": "Uyar\u0131: Fonksiyon 'test_variable_naming' i\u00e7in dok\u00fcmantasyon (docstring) eksik.",
        "line_number": 57
    },
    {
        "file_name": "integrated_test_1_rule.py",
        "rule_type": "missing_docstring",
        "message": "Uyar\u0131: Fonksiyon 'security_risk_example' i\u00e7in dok\u00fcmantasyon (docstring) eksik.",
        "line_number": 66
    },
    {
        "file_name": "integrated_test_1_rule.py",
        "rule_type": "security_vulnerability",
        "message": "Tehlikeli fonksiyon 'eval' kullan\u0131m\u0131 tespit edildi.",
        "line_number": 67
    },
    {
        "file_name": "integrated_test_1_rule.py",
        "rule_type": "security_vulnerability",
        "message": "Tehlikeli fonksiyon 'exec' kullan\u0131m\u0131 tespit edildi.",
        "line_number": 68
    },
    {
        "file_name": "integrated_test_1_rule.py",
        "rule_type": "unused_variable",
        "message": "De\u011fi\u015fken 'name' atanm\u0131\u015f ama hi\u00e7 kullan\u0131lmam\u0131\u015f."
    }
]